{
  "comment": "# my-solar-system 1.3.0-dev.8 Thu Dec 07 2023 17:19:31 GMT-0700 (Mountain Standard Time)",
  "assert": {
    "sha": "94831413cd4dd4dc27c2a1aebbcafd3987934a99",
    "branch": "main"
  },
  "axon": {
    "sha": "fbb5477ac5984f5186696f9d31866df3cc00144d",
    "branch": "main"
  },
  "brand": {
    "sha": "defd492ab5ee3aae4e085b6c2ea4e475d0662746",
    "branch": "main"
  },
  "chipper": {
    "sha": "c7994b09bfd93a1941a6dc2e86fb80b105364260",
    "branch": "main"
  },
  "dot": {
    "sha": "da8f04fb4ba29c460000ffedb9716350896dafa1",
    "branch": "main"
  },
  "joist": {
    "sha": "c681a85da08e40b733836398368edc7954894228",
    "branch": "main"
  },
  "kite": {
    "sha": "1980d4c60a8d0c0ee9f7e133d0082bfbb9ffb24f",
    "branch": "main"
  },
  "my-solar-system": {
    "sha": "681f3ef1ea932f3c24d917c608f2ee739a149f90",
    "branch": "main"
  },
  "perennial-alias": {
    "sha": "2c910605ab4560e11d51318710e41ff376e3f9fe",
    "branch": "main"
  },
  "phet-core": {
    "sha": "d24b34031b9b94609613c11a8b5d265dc441c0ea",
    "branch": "main"
  },
  "phet-io": {
    "sha": "a8bd0f6a33a60d6134940aeccb2d21e40119fc0f",
    "branch": "main"
  },
  "phet-io-sim-specific": {
    "sha": "bc5375e69284925350d97f3ffba2e04121a128e4",
    "branch": "main"
  },
  "phet-io-wrappers": {
    "sha": "7303d3225ca0bcb1eca03e037cf8b8aca20e192e",
    "branch": "main"
  },
  "phetcommon": {
    "sha": "5a48c7a7f00fe2db85470248c43aa6d4a7597180",
    "branch": "main"
  },
  "phetmarks": {
    "sha": "9581b8174ef3b9f26d8fb2ed661b2f5ff6b45fed",
    "branch": "main"
  },
  "query-string-machine": {
    "sha": "ceb14b1e370b7c28eb1d1c867e4dae28dcea1610",
    "branch": "main"
  },
  "scenery": {
    "sha": "2ae6263f8ceee5fc252df573e5717a78485c78df",
    "branch": "main"
  },
  "scenery-phet": {
    "sha": "a015c92126fc5579d800b21c66ad551ffecbe0da",
    "branch": "main"
  },
  "sherpa": {
    "sha": "97cb97a3c2a5e98b0f10ae65d9578ed54765383c",
    "branch": "main"
  },
  "solar-system-common": {
    "sha": "818394d772694e24219ffedfd081aca48615e16b",
    "branch": "main"
  },
  "studio": {
    "sha": "b8207082b682fa6fddb6fb48b5bd9e72f288620f",
    "branch": "main"
  },
  "sun": {
    "sha": "60aa8a15393a0761413b4b8ac67115bcd5e3c81e",
    "branch": "main"
  },
  "tambo": {
    "sha": "70c9c6706f368dd422d7dd0bce83c1e0038219e1",
    "branch": "main"
  },
  "tandem": {
    "sha": "b11ebcba0ab00ce01161e6aed52d0ccdcd369dde",
    "branch": "main"
  },
  "twixt": {
    "sha": "db87a714041ea03515fb3fb81889eba34a1711a0",
    "branch": "main"
  },
  "utterance-queue": {
    "sha": "fb67b3880c0d29447d575ef97ab4f14e08b2cb34",
    "branch": "main"
  }
}